Section,Required object,Search terms used,Source,Exact category,Asset ID/path,Static/articulated,Visual quality,Collision quality,Required modification,Recommended action,Confidence
BUILDING AND ARCHITECTURE,Industrial window,"industrial window, industrial windows",SceneSmith/Trimesh procedural,box/cylinder/plane composition,procedural,Static,Suitable for simple industrial form,Analytic or CoACD,Author dimensions/materials,F — assemble accurately from primitives,High
BUILDING AND ARCHITECTURE,Large window,"large window, large windows",ObjectThor,wall_objects,034a55900ff34906ba700c4dc3360368,Static ObjectThor payload,A large window with a brown set of blinds.,Visual payload only; SceneSmith CoACD/SDF conversion required,Resize/material check; convert to GLTF/SDF,C — collision mesh requires generation/repair,High
BUILDING AND ARCHITECTURE,Factory window,"factory window, factory windows",SceneSmith/Trimesh procedural,box/cylinder/plane composition,procedural,Static,Suitable for simple industrial form,Analytic or CoACD,Author dimensions/materials,F — assemble accurately from primitives,High
BUILDING AND ARCHITECTURE,Clerestory window,"clerestory window, clerestory windows",SceneSmith/Trimesh procedural,box/cylinder/plane composition,procedural,Static,Suitable for simple industrial form,Analytic or CoACD,Author dimensions/materials,F — assemble accurately from primitives,High
BUILDING AND ARCHITECTURE,Frosted window,"frosted window, frosted windows",SceneSmith/Trimesh procedural,box/cylinder/plane composition,procedural,Static,Suitable for simple industrial form,Analytic or CoACD,Author dimensions/materials,F — assemble accurately from primitives,High
BUILDING AND ARCHITECTURE,Exterior door,"exterior door, exterior doors",SceneSmith/Trimesh procedural,box/cylinder/plane composition,procedural,Static,Suitable for simple industrial form,Analytic or CoACD,Author dimensions/materials,F — assemble accurately from primitives,High
BUILDING AND ARCHITECTURE,Interior door,"interior door, interior doors",SceneSmith/Trimesh procedural,box/cylinder/plane composition,procedural,Static,Suitable for simple industrial form,Analytic or CoACD,Author dimensions/materials,F — assemble accurately from primitives,High
BUILDING AND ARCHITECTURE,Double entrance door,"double entrance door, double entrance doors",SceneSmith/Trimesh procedural,box/cylinder/plane composition,procedural,Static,Suitable for simple industrial form,Analytic or CoACD,Author dimensions/materials,F — assemble accurately from primitives,High
BUILDING AND ARCHITECTURE,Sliding door,"sliding door, sliding doors",SceneSmith/Trimesh procedural,box/cylinder/plane composition,procedural,Static,Suitable for simple industrial form,Analytic or CoACD,Author dimensions/materials,F — assemble accurately from primitives,High
BUILDING AND ARCHITECTURE,Cold-room door,"cold room door, cold room doors",SceneSmith/Trimesh procedural,box/cylinder/plane composition,procedural,Static,Suitable for simple industrial form,Analytic or CoACD,Author dimensions/materials,F — assemble accurately from primitives,High
BUILDING AND ARCHITECTURE,Roll-up door,"roll up door, roll up doors, garage door, overhead door",ObjectThor,wall_objects,8668a2b3e5e743248b3fd64fb6246a0a,Static ObjectThor payload,A corrugated metal garage door.,Visual payload only; SceneSmith CoACD/SDF conversion required,Resize/material check; convert to GLTF/SDF,C — collision mesh requires generation/repair,High
BUILDING AND ARCHITECTURE,Loading dock door,"loading dock door, loading dock doors",ObjectThor,wall_objects,8668a2b3e5e743248b3fd64fb6246a0a,Static ObjectThor payload,A corrugated metal garage door.,Visual payload only; SceneSmith CoACD/SDF conversion required,Resize/material check; convert to GLTF/SDF,C — collision mesh requires generation/repair,High
BUILDING AND ARCHITECTURE,Loading platform,"loading platform, loading platforms",SceneSmith/Trimesh procedural,box/cylinder/plane composition,procedural,Static,Suitable for simple industrial form,Analytic or CoACD,Author dimensions/materials,F — assemble accurately from primitives,High
BUILDING AND ARCHITECTURE,Dock leveller,"dock leveller, dock levellers",SceneSmith/Trimesh procedural,box/cylinder/plane composition,procedural,Static,Suitable for simple industrial form,Analytic or CoACD,Author dimensions/materials,F — assemble accurately from primitives,High
BUILDING AND ARCHITECTURE,Safety bollard,"safety bollard, safety bollards",SceneSmith/Trimesh procedural,box/cylinder/plane composition,procedural,Static,Suitable for simple industrial form,Analytic or CoACD,Author dimensions/materials,F — assemble accurately from primitives,High
BUILDING AND ARCHITECTURE,Wall partition,"wall partition, wall partitions",SceneSmith/Trimesh procedural,box/cylinder/plane composition,procedural,Static,Suitable for simple industrial form,Analytic or CoACD,Author dimensions/materials,F — assemble accurately from primitives,High
BUILDING AND ARCHITECTURE,Toilet partition,"toilet partition, toilet partitions",SceneSmith/Trimesh procedural,box/cylinder/plane composition,procedural,Static,Suitable for simple industrial form,Analytic or CoACD,Author dimensions/materials,F — assemble accurately from primitives,High
BUILDING AND ARCHITECTURE,Floor drain,"floor drain, floor drains",SceneSmith/Trimesh procedural,box/cylinder/plane composition,procedural,Static,Suitable for simple industrial form,Analytic or CoACD,Author dimensions/materials,F — assemble accurately from primitives,High
BUILDING AND ARCHITECTURE,Ventilation grille,"ventilation grille, ventilation grilles",SceneSmith/Trimesh procedural,box/cylinder/plane composition,procedural,Static,Suitable for simple industrial form,Analytic or CoACD,Author dimensions/materials,F — assemble accurately from primitives,High
BUILDING AND ARCHITECTURE,Ceiling duct,"ceiling duct, ceiling ducts",SceneSmith/Trimesh procedural,box/cylinder/plane composition,procedural,Static,Suitable for simple industrial form,Analytic or CoACD,Author dimensions/materials,F — assemble accurately from primitives,High
BUILDING AND ARCHITECTURE,Industrial light,"industrial light, industrial lights",ObjectThor,wall_objects,a1585e9d534d42d78d12d56e71aa15ed,Static ObjectThor payload,A wall light with a wood base.,Visual payload only; SceneSmith CoACD/SDF conversion required,Resize/material check; convert to GLTF/SDF,C — collision mesh requires generation/repair,High
BUILDING AND ARCHITECTURE,Emergency light,"emergency light, emergency lights",SceneSmith/Trimesh procedural,box/cylinder/plane composition,procedural,Static,Suitable for simple industrial form,Analytic or CoACD,Author dimensions/materials,F — assemble accurately from primitives,High
BUILDING AND ARCHITECTURE,Exit sign,"exit sign, exit signs",SceneSmith/Trimesh procedural,box/cylinder/plane composition,procedural,Static,Suitable for simple industrial form,Analytic or CoACD,Author dimensions/materials,F — assemble accurately from primitives,High
STORAGE AND LOGISTICS,Pallet,"pallet, pallets",SceneSmith/Trimesh procedural,box/cylinder/plane composition,procedural,Static,Suitable for simple industrial form,Analytic or CoACD,Author dimensions/materials,F — assemble accurately from primitives,High
STORAGE AND LOGISTICS,Wooden pallet,"wooden pallet, wooden pallets",SceneSmith/Trimesh procedural,box/cylinder/plane composition,procedural,Static,Suitable for simple industrial form,Analytic or CoACD,Author dimensions/materials,F — assemble accurately from primitives,High
STORAGE AND LOGISTICS,Plastic pallet,"plastic pallet, plastic pallets",SceneSmith/Trimesh procedural,box/cylinder/plane composition,procedural,Static,Suitable for simple industrial form,Analytic or CoACD,Author dimensions/materials,F — assemble accurately from primitives,High
STORAGE AND LOGISTICS,Pallet rack,"pallet rack, pallet racks",SceneSmith/Trimesh procedural,box/cylinder/plane composition,procedural,Static,Suitable for simple industrial form,Analytic or CoACD,Author dimensions/materials,F — assemble accurately from primitives,High
STORAGE AND LOGISTICS,Warehouse rack,"warehouse rack, warehouse racks",SceneSmith/Trimesh procedural,box/cylinder/plane composition,procedural,Static,Suitable for simple industrial form,Analytic or CoACD,Author dimensions/materials,F — assemble accurately from primitives,High
STORAGE AND LOGISTICS,Industrial shelving,"industrial shelving, industrial shelvings",ObjectThor,large_objects,f090d4b341d749af8d74ac317e9d4b66,Static ObjectThor payload,A black metal shelf with five levels on it.,Visual payload only; SceneSmith CoACD/SDF conversion required,Resize/material check; convert to GLTF/SDF,C — collision mesh requires generation/repair,High
STORAGE AND LOGISTICS,Metal shelf,"metal shelf, metal shelfs",ObjectThor,large_objects,f090d4b341d749af8d74ac317e9d4b66,Static ObjectThor payload,A black metal shelf with five levels on it.,Visual payload only; SceneSmith CoACD/SDF conversion required,Resize/material check; convert to GLTF/SDF,C — collision mesh requires generation/repair,High
STORAGE AND LOGISTICS,Storage cabinet,"storage cabinet, storage cabinets",Artiverse,armoire,artiverse/armoire/3dfModel/ab16f4ce-dc13-4694-bb5b-288c850a12aa,Articulated SDF,Articulated armoire with functional doors or drawers,Publisher-bound collision (3–32 elems dataset-wide),Resize/material check,D — available only as articulated asset,High
STORAGE AND LOGISTICS,Cardboard box,"cardboard box, cardboard boxs, carton, shipping box",ArtVIP,household_items,household_items/model_carton_10,Articulated SDF,A rectangular corrugated-cardboard shipping carton with printed handling icons and a barcode label.,SDF collision present; verify selected link geometry,Resize/material check,D — available only as articulated asset,High
STORAGE AND LOGISTICS,Carton,"carton, cartons",ArtVIP,household_items,household_items/model_carton_10,Articulated SDF,A rectangular corrugated-cardboard shipping carton with printed handling icons and a barcode label.,SDF collision present; verify selected link geometry,Resize/material check,D — available only as articulated asset,High
STORAGE AND LOGISTICS,Wooden crate,"wooden crate, wooden crates",ObjectThor,small_objects,ff75a203792e4066aa7549f17f83453d,Static ObjectThor payload,A wooden crate with a red biohazard sticker in the corner.,Visual payload only; SceneSmith CoACD/SDF conversion required,Resize/material check; convert to GLTF/SDF,C — collision mesh requires generation/repair,High
STORAGE AND LOGISTICS,Plastic crate,"plastic crate, plastic crates",ArtVIP,household_items,household_items/model_basket_22,Articulated SDF,A perforated rectangular plastic shopping basket with two pivoting black handles.,SDF collision present; verify selected link geometry,Resize/material check,D — available only as articulated asset,High
STORAGE AND LOGISTICS,Storage bin,"storage bin, storage bins",ArtVIP,household_items,household_items/model_basket_22,Articulated SDF,A perforated rectangular plastic shopping basket with two pivoting black handles.,SDF collision present; verify selected link geometry,Resize/material check,D — available only as articulated asset,High
STORAGE AND LOGISTICS,Ingredient sack,"ingredient sack, ingredient sacks",No reliable exact match,-,-,Unknown,Lexical results were absent or false positives,Unknown,Manual visual verification or modular approximation,J — uncertain; manual verification required,Low
STORAGE AND LOGISTICS,Grain sack,"grain sack, grain sacks",No reliable exact match,-,-,Unknown,Lexical results were absent or false positives,Unknown,Manual visual verification or modular approximation,J — uncertain; manual verification required,Low
STORAGE AND LOGISTICS,Food container,"food container, food containers",ObjectThor,small_objects,e04173a631684c58af4d7151f8660844,Static ObjectThor payload,An open metal food container with a spoon.,Visual payload only; SceneSmith CoACD/SDF conversion required,Resize/material check; convert to GLTF/SDF,C — collision mesh requires generation/repair,High
STORAGE AND LOGISTICS,Plastic drum,"plastic drum, plastic drums",ObjectThor,small_objects,fc9611915c5a404c8923aea6f52bc00e,Static ObjectThor payload,Brown barrel with a black hole in the side and no hole in the top.,Visual payload only; SceneSmith CoACD/SDF conversion required,Resize/material check; convert to GLTF/SDF,C — collision mesh requires generation/repair,High
STORAGE AND LOGISTICS,Metal drum,"metal drum, metal drums",ObjectThor,small_objects,fc9611915c5a404c8923aea6f52bc00e,Static ObjectThor payload,Brown barrel with a black hole in the side and no hole in the top.,Visual payload only; SceneSmith CoACD/SDF conversion required,Resize/material check; convert to GLTF/SDF,C — collision mesh requires generation/repair,High
STORAGE AND LOGISTICS,Barrel,"barrel, barrels",ObjectThor,small_objects,fc9611915c5a404c8923aea6f52bc00e,Static ObjectThor payload,Brown barrel with a black hole in the side and no hole in the top.,Visual payload only; SceneSmith CoACD/SDF conversion required,Resize/material check; convert to GLTF/SDF,C — collision mesh requires generation/repair,High
STORAGE AND LOGISTICS,Wrapped pallet,"wrapped pallet, wrapped pallets",SceneSmith/Trimesh procedural,box/cylinder/plane composition,procedural,Static,Suitable for simple industrial form,Analytic or CoACD,Author dimensions/materials,F — assemble accurately from primitives,High
STORAGE AND LOGISTICS,Forklift,"forklift, forklifts",No credible indexed match,-,-,Generate once; reuse static result,Distinctive factory equipment required,Generate CoACD after mesh,Scale/material validation + SDF conversion,H — generate with SAM 3D (shared model where aliases overlap),High
STORAGE AND LOGISTICS,Pallet jack,"pallet jack, pallet jacks, hand pallet truck",No credible indexed match,-,-,Generate once; reuse static result,Distinctive factory equipment required,Generate CoACD after mesh,Scale/material validation + SDF conversion,H — generate with SAM 3D (shared model where aliases overlap),High
STORAGE AND LOGISTICS,Hand pallet truck,"hand pallet truck, hand pallet trucks",No credible indexed match,-,-,Generate once; reuse static result,Distinctive factory equipment required,Generate CoACD after mesh,Scale/material validation + SDF conversion,H — generate with SAM 3D (shared model where aliases overlap),High
STORAGE AND LOGISTICS,Trolley,"trolley, trolleys",Existing parts + primitives,modular composition,multiple,Static assembly,Adequate when composed,Analytic/CoACD per component,Assemble and validate dimensions,G — combine existing assets/primitives,Medium
STORAGE AND LOGISTICS,Utility cart,"utility cart, utility carts, trolley, service cart",SceneSmith/Trimesh procedural,box/cylinder/plane composition,procedural,Static,Suitable for simple industrial form,Analytic or CoACD,Author dimensions/materials,F — assemble accurately from primitives,High
STORAGE AND LOGISTICS,Hand truck,"hand truck, hand trucks",Existing parts + primitives,modular composition,multiple,Static assembly,Adequate when composed,Analytic/CoACD per component,Assemble and validate dimensions,G — combine existing assets/primitives,Medium
STORAGE AND LOGISTICS,Platform cart,"platform cart, platform carts",Existing parts + primitives,modular composition,multiple,Static assembly,Adequate when composed,Analytic/CoACD per component,Assemble and validate dimensions,G — combine existing assets/primitives,Medium
STORAGE AND LOGISTICS,Delivery truck,"delivery truck, delivery trucks",No credible indexed match,-,-,Generate once; reuse static result,Distinctive factory equipment required,Generate CoACD after mesh,Scale/material validation + SDF conversion,H — generate with SAM 3D (shared model where aliases overlap),High
STORAGE AND LOGISTICS,Box truck,"box truck, box trucks",No credible indexed match,-,-,Generate once; reuse static result,Distinctive factory equipment required,Generate CoACD after mesh,Scale/material validation + SDF conversion,H — generate with SAM 3D (shared model where aliases overlap),High
RECEIVING AREA,Receiving desk,"receiving desk, receiving desks",SceneSmith/Trimesh procedural,box/cylinder/plane composition,procedural,Static,Suitable for simple industrial form,Analytic or CoACD,Author dimensions/materials,F — assemble accurately from primitives,High
RECEIVING AREA,Industrial inspection table,"industrial inspection table, industrial inspection tables",SceneSmith/Trimesh procedural,box/cylinder/plane composition,procedural,Static,Suitable for simple industrial form,Analytic or CoACD,Author dimensions/materials,F — assemble accurately from primitives,High
RECEIVING AREA,Floor scale,"floor scale, floor scales",SceneSmith/Trimesh procedural,box/cylinder/plane composition,procedural,Static,Suitable for simple industrial form,Analytic or CoACD,Author dimensions/materials,F — assemble accurately from primitives,High
RECEIVING AREA,Pallet scale,"pallet scale, pallet scales",SceneSmith/Trimesh procedural,box/cylinder/plane composition,procedural,Static,Suitable for simple industrial form,Analytic or CoACD,Author dimensions/materials,F — assemble accurately from primitives,High
RECEIVING AREA,Weighing scale,"weighing scale, weighing scales",SceneSmith/Trimesh procedural,box/cylinder/plane composition,procedural,Static,Suitable for simple industrial form,Analytic or CoACD,Author dimensions/materials,F — assemble accurately from primitives,High
RECEIVING AREA,Barcode scanner,"barcode scanner, barcode scanners",No reliable exact match,-,-,Unknown,Lexical results were absent or false positives,Unknown,Manual visual verification or modular approximation,J — uncertain; manual verification required,Low
RECEIVING AREA,Computer terminal,"computer terminal, computer terminals",ObjectThor,small_objects,ef7ff55860ef4c15bbee7aee3fee83ec,Static ObjectThor payload,An old computer terminal.,Visual payload only; SceneSmith CoACD/SDF conversion required,Resize/material check; convert to GLTF/SDF,C — collision mesh requires generation/repair,High
RECEIVING AREA,Clipboard,"clipboard, clipboards",ObjectThor,small_objects,c229ec7fe42440f1847ea69b13082328,Static ObjectThor payload,"A white counter with blue top with medicine, a clipboard, and box of disposable blue gloves.",Visual payload only; SceneSmith CoACD/SDF conversion required,Resize/material check; convert to GLTF/SDF,C — collision mesh requires generation/repair,High
RECEIVING AREA,Safety barrier,"safety barrier, safety barriers",SceneSmith/Trimesh procedural,box/cylinder/plane composition,procedural,Static,Suitable for simple industrial form,Analytic or CoACD,Author dimensions/materials,F — assemble accurately from primitives,High
RECEIVING AREA,Traffic cone,"traffic cone, traffic cones",SceneSmith/Trimesh procedural,box/cylinder/plane composition,procedural,Static,Suitable for simple industrial form,Analytic or CoACD,Author dimensions/materials,F — assemble accurately from primitives,High
RECEIVING AREA,Dock bumper,"dock bumper, dock bumpers",SceneSmith/Trimesh procedural,box/cylinder/plane composition,procedural,Static,Suitable for simple industrial form,Analytic or CoACD,Author dimensions/materials,F — assemble accurately from primitives,High
RECEIVING AREA,Wheel stop,"wheel stop, wheel stops",SceneSmith/Trimesh procedural,box/cylinder/plane composition,procedural,Static,Suitable for simple industrial form,Analytic or CoACD,Author dimensions/materials,F — assemble accurately from primitives,High
WASHING AND PREPARATION,Stainless-steel sink,"stainless steel sink, stainless steel sinks",ObjectThor,small_objects,7f1d0ea46bf74cf7bfd751ba3d75673a,Static ObjectThor payload,A stainless steel sink among dark cabinets and a tan countertop with towels hanging nearby.,Visual payload only; SceneSmith CoACD/SDF conversion required,Resize/material check; convert to GLTF/SDF,C — collision mesh requires generation/repair,High
WASHING AND PREPARATION,Deep industrial sink,"deep industrial sink, deep industrial sinks",SceneSmith/Trimesh procedural,box/cylinder/plane composition,procedural,Static,Suitable for simple industrial form,Analytic or CoACD,Author dimensions/materials,F — assemble accurately from primitives,High
WASHING AND PREPARATION,Wash basin,"wash basin, wash basins",ObjectThor,small_objects,7f1d0ea46bf74cf7bfd751ba3d75673a,Static ObjectThor payload,A stainless steel sink among dark cabinets and a tan countertop with towels hanging nearby.,Visual payload only; SceneSmith CoACD/SDF conversion required,Resize/material check; convert to GLTF/SDF,C — collision mesh requires generation/repair,High
WASHING AND PREPARATION,Hand-washing station,"hand washing station, hand washing stations",ObjectThor,small_objects,7f1d0ea46bf74cf7bfd751ba3d75673a,Static ObjectThor payload,A stainless steel sink among dark cabinets and a tan countertop with towels hanging nearby.,Visual payload only; SceneSmith CoACD/SDF conversion required,Resize/material check; convert to GLTF/SDF,C — collision mesh requires generation/repair,High
WASHING AND PREPARATION,Spray hose,"spray hose, spray hoses",SceneSmith/Trimesh procedural,box/cylinder/plane composition,procedural,Static,Suitable for simple industrial form,Analytic or CoACD,Author dimensions/materials,F — assemble accurately from primitives,High
WASHING AND PREPARATION,Preparation table,"preparation table, preparation tables",SceneSmith/Trimesh procedural,box/cylinder/plane composition,procedural,Static,Suitable for simple industrial form,Analytic or CoACD,Author dimensions/materials,F — assemble accurately from primitives,High
WASHING AND PREPARATION,Stainless-steel worktable,"stainless steel worktable, stainless steel worktables",SceneSmith/Trimesh procedural,box/cylinder/plane composition,procedural,Static,Suitable for simple industrial form,Analytic or CoACD,Author dimensions/materials,F — assemble accurately from primitives,High
WASHING AND PREPARATION,Cutting table,"cutting table, cutting tables",SceneSmith/Trimesh procedural,box/cylinder/plane composition,procedural,Static,Suitable for simple industrial form,Analytic or CoACD,Author dimensions/materials,F — assemble accurately from primitives,High
WASHING AND PREPARATION,Food-safe tray,"food safe tray, food safe trays",ObjectThor,small_objects,e04173a631684c58af4d7151f8660844,Static ObjectThor payload,An open metal food container with a spoon.,Visual payload only; SceneSmith CoACD/SDF conversion required,Resize/material check; convert to GLTF/SDF,C — collision mesh requires generation/repair,High
WASHING AND PREPARATION,Ingredient crate,"ingredient crate, ingredient crates",ObjectThor,small_objects,ff75a203792e4066aa7549f17f83453d,Static ObjectThor payload,A wooden crate with a red biohazard sticker in the corner.,Visual payload only; SceneSmith CoACD/SDF conversion required,Resize/material check; convert to GLTF/SDF,C — collision mesh requires generation/repair,High
WASHING AND PREPARATION,Vegetable crate,"vegetable crate, vegetable crates",ObjectThor,small_objects,ff75a203792e4066aa7549f17f83453d,Static ObjectThor payload,A wooden crate with a red biohazard sticker in the corner.,Visual payload only; SceneSmith CoACD/SDF conversion required,Resize/material check; convert to GLTF/SDF,C — collision mesh requires generation/repair,High
WASHING AND PREPARATION,Waste bin,"waste bin, waste bins, trash bin, garbage can",ArtVIP,household_items,household_items/model_stepping_dustbin_9,Articulated SDF,A small rectangular stainless-steel step trash bin with a hinged lid and front foot pedal.,SDF collision present; verify selected link geometry,Resize/material check,D — available only as articulated asset,High
WASHING AND PREPARATION,Recycling bin,"recycling bin, recycling bins",ArtVIP,household_items,household_items/model_trash_can_22,Articulated SDF,A green outdoor recycling trash bin with a hinged lid and printed recycle logo.,SDF collision present; verify selected link geometry,Resize/material check,D — available only as articulated asset,High
WASHING AND PREPARATION,Drain channel,"drain channel, drain channels",SceneSmith/Trimesh procedural,box/cylinder/plane composition,procedural,Static,Suitable for simple industrial form,Analytic or CoACD,Author dimensions/materials,F — assemble accurately from primitives,High
WASHING AND PREPARATION,Wall shelf,"wall shelf, wall shelfs",ObjectThor,large_objects,f090d4b341d749af8d74ac317e9d4b66,Static ObjectThor payload,A black metal shelf with five levels on it.,Visual payload only; SceneSmith CoACD/SDF conversion required,Resize/material check; convert to GLTF/SDF,C — collision mesh requires generation/repair,High
WASHING AND PREPARATION,Soap dispenser,"soap dispenser, soap dispensers",ObjectThor,wall_objects,c80cffde43b44abc866aec6bb8186fda,Static ObjectThor payload,A hand soap dispenser for a wall.,Visual payload only; SceneSmith CoACD/SDF conversion required,Resize/material check; convert to GLTF/SDF,C — collision mesh requires generation/repair,High
WASHING AND PREPARATION,Paper-towel dispenser,"paper towel dispenser, paper towel dispensers",SceneSmith/Trimesh procedural,box/cylinder/plane composition,procedural,Static,Suitable for simple industrial form,Analytic or CoACD,Author dimensions/materials,F — assemble accurately from primitives,High
PROCESSING MACHINERY,Conveyor belt,"conveyor belt, conveyor belts",SceneSmith/Trimesh procedural,box/cylinder/plane composition,procedural,Static,Suitable for simple industrial form,Analytic or CoACD,Author dimensions/materials,F — assemble accurately from primitives,High
PROCESSING MACHINERY,Industrial conveyor,"industrial conveyor, industrial conveyors",SceneSmith/Trimesh procedural,box/cylinder/plane composition,procedural,Static,Suitable for simple industrial form,Analytic or CoACD,Author dimensions/materials,F — assemble accurately from primitives,High
PROCESSING MACHINERY,Roller conveyor,"roller conveyor, roller conveyors",SceneSmith/Trimesh procedural,box/cylinder/plane composition,procedural,Static,Suitable for simple industrial form,Analytic or CoACD,Author dimensions/materials,F — assemble accurately from primitives,High
PROCESSING MACHINERY,Belt conveyor,"belt conveyor, belt conveyors",SceneSmith/Trimesh procedural,box/cylinder/plane composition,procedural,Static,Suitable for simple industrial form,Analytic or CoACD,Author dimensions/materials,F — assemble accurately from primitives,High
PROCESSING MACHINERY,Mixing tank,"mixing tank, mixing tanks",SceneSmith/Trimesh procedural,box/cylinder/plane composition,procedural,Static,Suitable for simple industrial form,Analytic or CoACD,Author dimensions/materials,F — assemble accurately from primitives,High
PROCESSING MACHINERY,Stainless-steel tank,"stainless steel tank, stainless steel tanks",SceneSmith/Trimesh procedural,box/cylinder/plane composition,procedural,Static,Suitable for simple industrial form,Analytic or CoACD,Author dimensions/materials,F — assemble accurately from primitives,High
PROCESSING MACHINERY,Processing vat,"processing vat, processing vats",SceneSmith/Trimesh procedural,box/cylinder/plane composition,procedural,Static,Suitable for simple industrial form,Analytic or CoACD,Author dimensions/materials,F — assemble accurately from primitives,High
PROCESSING MACHINERY,Mixing vat,"mixing vat, mixing vats",SceneSmith/Trimesh procedural,box/cylinder/plane composition,procedural,Static,Suitable for simple industrial form,Analytic or CoACD,Author dimensions/materials,F — assemble accurately from primitives,High
PROCESSING MACHINERY,Hopper,"hopper, hoppers",SceneSmith/Trimesh procedural,box/cylinder/plane composition,procedural,Static,Suitable for simple industrial form,Analytic or CoACD,Author dimensions/materials,F — assemble accurately from primitives,High
PROCESSING MACHINERY,Funnel hopper,"funnel hopper, funnel hoppers",SceneSmith/Trimesh procedural,box/cylinder/plane composition,procedural,Static,Suitable for simple industrial form,Analytic or CoACD,Author dimensions/materials,F — assemble accurately from primitives,High
PROCESSING MACHINERY,Industrial mixer,"industrial mixer, industrial mixers",No credible indexed match,-,-,Generate once; reuse static result,Distinctive factory equipment required,Generate CoACD after mesh,Scale/material validation + SDF conversion,H — generate with SAM 3D (shared model where aliases overlap),High
PROCESSING MACHINERY,Pump,"pump, pumps",SceneSmith/Trimesh procedural,box/cylinder/plane composition,procedural,Static,Suitable for simple industrial form,Analytic or CoACD,Author dimensions/materials,F — assemble accurately from primitives,High
PROCESSING MACHINERY,Motor,"motor, motors",SceneSmith/Trimesh procedural,box/cylinder/plane composition,procedural,Static,Suitable for simple industrial form,Analytic or CoACD,Author dimensions/materials,F — assemble accurately from primitives,High
PROCESSING MACHINERY,Pipe,"pipe, pipes",SceneSmith/Trimesh procedural,box/cylinder/plane composition,procedural,Static,Suitable for simple industrial form,Analytic or CoACD,Author dimensions/materials,F — assemble accurately from primitives,High
PROCESSING MACHINERY,Pipe network,"pipe network, pipe networks",SceneSmith/Trimesh procedural,box/cylinder/plane composition,procedural,Static,Suitable for simple industrial form,Analytic or CoACD,Author dimensions/materials,F — assemble accurately from primitives,High
PROCESSING MACHINERY,Valve,"valve, valves",ObjectThor,wall_objects,dcdc1bec108d42a29608478d63517c4c,Static ObjectThor payload,A wheel valve inside of an iron wall.,Visual payload only; SceneSmith CoACD/SDF conversion required,Resize/material check; convert to GLTF/SDF,C — collision mesh requires generation/repair,High
PROCESSING MACHINERY,Control panel,"control panel, control panels",ObjectThor,wall_objects,78b02c6254dd4fdda10f12b59baebfc8,Static ObjectThor payload,A security control panel with keypad and fingerprint reader.,Visual payload only; SceneSmith CoACD/SDF conversion required,Resize/material check; convert to GLTF/SDF,C — collision mesh requires generation/repair,High
PROCESSING MACHINERY,Control cabinet,"control cabinet, control cabinets, electrical cabinet, enclosure",Artiverse,armoire,artiverse/armoire/3dfModel/ab16f4ce-dc13-4694-bb5b-288c850a12aa,Articulated SDF,Articulated armoire with functional doors or drawers,Publisher-bound collision (3–32 elems dataset-wide),Resize/material check,D — available only as articulated asset,High
PROCESSING MACHINERY,Filling machine,"filling machine, filling machines",No credible indexed match,-,-,Generate once; reuse static result,Distinctive factory equipment required,Generate CoACD after mesh,Scale/material validation + SDF conversion,H — generate with SAM 3D (shared model where aliases overlap),High
PROCESSING MACHINERY,Dosing machine,"dosing machine, dosing machines",No credible indexed match,-,-,Generate once; reuse static result,Distinctive factory equipment required,Generate CoACD after mesh,Scale/material validation + SDF conversion,H — generate with SAM 3D (shared model where aliases overlap),High
PROCESSING MACHINERY,Food-processing machine,"food processing machine, food processing machines",No credible indexed match,-,-,Generate once; reuse static result,Distinctive factory equipment required,Generate CoACD after mesh,Scale/material validation + SDF conversion,H — generate with SAM 3D (shared model where aliases overlap),High
PROCESSING MACHINERY,Washing machine for food,"washing machine for food, washing machine for foods",No credible indexed match,-,-,Generate once; reuse static result,Distinctive factory equipment required,Generate CoACD after mesh,Scale/material validation + SDF conversion,H — generate with SAM 3D (shared model where aliases overlap),High
PROCESSING MACHINERY,Sorting machine,"sorting machine, sorting machines",No credible indexed match,-,-,Generate once; reuse static result,Distinctive factory equipment required,Generate CoACD after mesh,Scale/material validation + SDF conversion,H — generate with SAM 3D (shared model where aliases overlap),High
PROCESSING MACHINERY,Inspection machine,"inspection machine, inspection machines",No credible indexed match,-,-,Generate once; reuse static result,Distinctive factory equipment required,Generate CoACD after mesh,Scale/material validation + SDF conversion,H — generate with SAM 3D (shared model where aliases overlap),High
PROCESSING MACHINERY,Processing line,"processing line, processing lines",No reliable exact match,-,-,Unknown,Lexical results were absent or false positives,Unknown,Manual visual verification or modular approximation,J — uncertain; manual verification required,Low
PROCESSING MACHINERY,Machine safety guard,"machine safety guard, machine safety guards",Existing parts + primitives,modular composition,multiple,Static assembly,Adequate when composed,Analytic/CoACD per component,Assemble and validate dimensions,G — combine existing assets/primitives,Medium
PROCESSING MACHINERY,Emergency-stop button,"emergency stop button, emergency stop buttons",Existing parts + primitives,modular composition,multiple,Static assembly,Adequate when composed,Analytic/CoACD per component,Assemble and validate dimensions,G — combine existing assets/primitives,Medium
PROCESSING MACHINERY,Stainless machine frame,"stainless machine frame, stainless machine frames",SceneSmith/Trimesh procedural,box/cylinder/plane composition,procedural,Static,Suitable for simple industrial form,Analytic or CoACD,Author dimensions/materials,F — assemble accurately from primitives,High
PACKAGING MACHINERY,Packaging machine,"packaging machine, packaging machines",No credible indexed match,-,-,Generate once; reuse static result,Distinctive factory equipment required,Generate CoACD after mesh,Scale/material validation + SDF conversion,H — generate with SAM 3D (shared model where aliases overlap),High
PACKAGING MACHINERY,Packing machine,"packing machine, packing machines",No credible indexed match,-,-,Generate once; reuse static result,Distinctive factory equipment required,Generate CoACD after mesh,Scale/material validation + SDF conversion,H — generate with SAM 3D (shared model where aliases overlap),High
PACKAGING MACHINERY,Filling machine,"filling machine, filling machines",No credible indexed match,-,-,Generate once; reuse static result,Distinctive factory equipment required,Generate CoACD after mesh,Scale/material validation + SDF conversion,H — generate with SAM 3D (shared model where aliases overlap),High
PACKAGING MACHINERY,Sealing machine,"sealing machine, sealing machines",No credible indexed match,-,-,Generate once; reuse static result,Distinctive factory equipment required,Generate CoACD after mesh,Scale/material validation + SDF conversion,H — generate with SAM 3D (shared model where aliases overlap),High
PACKAGING MACHINERY,Heat sealer,"heat sealer, heat sealers",No credible indexed match,-,-,Generate once; reuse static result,Distinctive factory equipment required,Generate CoACD after mesh,Scale/material validation + SDF conversion,H — generate with SAM 3D (shared model where aliases overlap),High
PACKAGING MACHINERY,Carton sealer,"carton sealer, carton sealers",No credible indexed match,-,-,Generate once; reuse static result,Distinctive factory equipment required,Generate CoACD after mesh,Scale/material validation + SDF conversion,H — generate with SAM 3D (shared model where aliases overlap),High
PACKAGING MACHINERY,Carton former,"carton former, carton formers",No credible indexed match,-,-,Generate once; reuse static result,Distinctive factory equipment required,Generate CoACD after mesh,Scale/material validation + SDF conversion,H — generate with SAM 3D (shared model where aliases overlap),High
PACKAGING MACHINERY,Labelling machine,"labelling machine, labelling machines, labeling machine, label applicator",No credible indexed match,-,-,Generate once; reuse static result,Distinctive factory equipment required,Generate CoACD after mesh,Scale/material validation + SDF conversion,H — generate with SAM 3D (shared model where aliases overlap),High
PACKAGING MACHINERY,Label printer,"label printer, label printers",ObjectThor,small_objects,be0a8f15f9624d11bd424ced2a60d714,Static ObjectThor payload,A grey computer printer with paper in it.,Visual payload only; SceneSmith CoACD/SDF conversion required,Resize/material check; convert to GLTF/SDF,C — collision mesh requires generation/repair,High
PACKAGING MACHINERY,Weighing station,"weighing station, weighing stations",SceneSmith/Trimesh procedural,box/cylinder/plane composition,procedural,Static,Suitable for simple industrial form,Analytic or CoACD,Author dimensions/materials,F — assemble accurately from primitives,High
PACKAGING MACHINERY,Inspection conveyor,"inspection conveyor, inspection conveyors",No credible indexed match,-,-,Generate once; reuse static result,Distinctive factory equipment required,Generate CoACD after mesh,Scale/material validation + SDF conversion,H — generate with SAM 3D (shared model where aliases overlap),High
PACKAGING MACHINERY,Shrink-wrapping machine,"shrink wrapping machine, shrink wrapping machines",No credible indexed match,-,-,Generate once; reuse static result,Distinctive factory equipment required,Generate CoACD after mesh,Scale/material validation + SDF conversion,H — generate with SAM 3D (shared model where aliases overlap),High
PACKAGING MACHINERY,Packing table,"packing table, packing tables",SceneSmith/Trimesh procedural,box/cylinder/plane composition,procedural,Static,Suitable for simple industrial form,Analytic or CoACD,Author dimensions/materials,F — assemble accurately from primitives,High
PACKAGING MACHINERY,Product collection table,"product collection table, product collection tables",SceneSmith/Trimesh procedural,box/cylinder/plane composition,procedural,Static,Suitable for simple industrial form,Analytic or CoACD,Author dimensions/materials,F — assemble accurately from primitives,High
PACKAGING MACHINERY,Packaging-material bin,"packaging material bin, packaging material bins",SceneSmith/Trimesh procedural,box/cylinder/plane composition,procedural,Static,Suitable for simple industrial form,Analytic or CoACD,Author dimensions/materials,F — assemble accurately from primitives,High
COLD STORAGE,Industrial refrigerator,"industrial refrigerator, industrial refrigerators, commercial refrigerator, fridge",ArtVIP,major_appliances,major_appliances/model_refrigerator_6,Articulated SDF,"A full-size, stainless-steel side-by-side refrigerator with two tall doors, a front ice-and-water dispenser, interior drawers, and wire shelves.",SDF collision present; verify selected link geometry,Resize/material check,D — available only as articulated asset,High
COLD STORAGE,Commercial refrigerator,"commercial refrigerator, commercial refrigerators",ArtVIP,major_appliances,major_appliances/model_refrigerator_6,Articulated SDF,"A full-size, stainless-steel side-by-side refrigerator with two tall doors, a front ice-and-water dispenser, interior drawers, and wire shelves.",SDF collision present; verify selected link geometry,Resize/material check,D — available only as articulated asset,High
COLD STORAGE,Freezer,"freezer, freezers",ArtVIP,major_appliances,major_appliances/model_refrigerator_6,Articulated SDF,"A full-size, stainless-steel side-by-side refrigerator with two tall doors, a front ice-and-water dispenser, interior drawers, and wire shelves.",SDF collision present; verify selected link geometry,Resize/material check,D — available only as articulated asset,High
COLD STORAGE,Walk-in refrigerator,"walk in refrigerator, walk in refrigerators",SceneSmith/Trimesh procedural,box/cylinder/plane composition,procedural,Static,Suitable for simple industrial form,Analytic or CoACD,Author dimensions/materials,F — assemble accurately from primitives,High
COLD STORAGE,Cold-storage cabinet,"cold storage cabinet, cold storage cabinets",ArtVIP,major_appliances,major_appliances/model_refrigerator_6,Articulated SDF,"A full-size, stainless-steel side-by-side refrigerator with two tall doors, a front ice-and-water dispenser, interior drawers, and wire shelves.",SDF collision present; verify selected link geometry,Resize/material check,D — available only as articulated asset,High
COLD STORAGE,Refrigerated shelf,"refrigerated shelf, refrigerated shelfs",SceneSmith/Trimesh procedural,box/cylinder/plane composition,procedural,Static,Suitable for simple industrial form,Analytic or CoACD,Author dimensions/materials,F — assemble accurately from primitives,High
COLD STORAGE,Cooling unit,"cooling unit, cooling units",ObjectThor,wall_objects,fb03d133dd4142f2908a8cfc504dac59,Static ObjectThor payload,A grey rusty air conditioner with a circular grate on front and a rectangular grate on the back.,Visual payload only; SceneSmith CoACD/SDF conversion required,Resize/material check; convert to GLTF/SDF,C — collision mesh requires generation/repair,High
COLD STORAGE,Evaporator,"evaporator, evaporators",SceneSmith/Trimesh procedural,box/cylinder/plane composition,procedural,Static,Suitable for simple industrial form,Analytic or CoACD,Author dimensions/materials,F — assemble accurately from primitives,High
COLD STORAGE,Compressor,"compressor, compressors",ObjectThor,large_objects,2f45d519fc934e1bab5c9234fa33e6bf,Static ObjectThor payload,This is an air compressor to assist other tools.,Visual payload only; SceneSmith CoACD/SDF conversion required,Resize/material check; convert to GLTF/SDF,C — collision mesh requires generation/repair,High
COLD STORAGE,Temperature-control panel,"temperature control panel, temperature control panels",ObjectThor,wall_objects,78b02c6254dd4fdda10f12b59baebfc8,Static ObjectThor payload,A security control panel with keypad and fingerprint reader.,Visual payload only; SceneSmith CoACD/SDF conversion required,Resize/material check; convert to GLTF/SDF,C — collision mesh requires generation/repair,High
COLD STORAGE,Insulated door,"insulated door, insulated doors",SceneSmith/Trimesh procedural,box/cylinder/plane composition,procedural,Static,Suitable for simple industrial form,Analytic or CoACD,Author dimensions/materials,F — assemble accurately from primitives,High
COLD STORAGE,Stainless-steel cold-room shelf,"stainless steel cold room shelf, stainless steel cold room shelfs",ObjectThor,large_objects,f090d4b341d749af8d74ac317e9d4b66,Static ObjectThor payload,A black metal shelf with five levels on it.,Visual payload only; SceneSmith CoACD/SDF conversion required,Resize/material check; convert to GLTF/SDF,C — collision mesh requires generation/repair,High
QUALITY-CONTROL LAB,Laboratory bench,"laboratory bench, laboratory benchs",SceneSmith/Trimesh procedural,box/cylinder/plane composition,procedural,Static,Suitable for simple industrial form,Analytic or CoACD,Author dimensions/materials,F — assemble accurately from primitives,High
QUALITY-CONTROL LAB,Laboratory table,"laboratory table, laboratory tables",SceneSmith/Trimesh procedural,box/cylinder/plane composition,procedural,Static,Suitable for simple industrial form,Analytic or CoACD,Author dimensions/materials,F — assemble accurately from primitives,High
QUALITY-CONTROL LAB,Laboratory stool,"laboratory stool, laboratory stools",ObjectThor,small_objects,ede7b98db6b947fc97c42f10ee4e77e2,Static ObjectThor payload,A stool with a porcelain statue on top.,Visual payload only; SceneSmith CoACD/SDF conversion required,Resize/material check; convert to GLTF/SDF,C — collision mesh requires generation/repair,High
QUALITY-CONTROL LAB,Microscope,"microscope, microscopes",ObjectThor,small_objects,f195dea3125d4b188ad6134121ce60d3,Static ObjectThor payload,A black and white microscope with two blue knobs.,Visual payload only; SceneSmith CoACD/SDF conversion required,Resize/material check; convert to GLTF/SDF,C — collision mesh requires generation/repair,High
QUALITY-CONTROL LAB,Inspection equipment,"inspection equipment, inspection equipments",Existing parts + primitives,modular composition,multiple,Static assembly,Adequate when composed,Analytic/CoACD per component,Assemble and validate dimensions,G — combine existing assets/primitives,Medium
QUALITY-CONTROL LAB,Sample container,"sample container, sample containers",ObjectThor,small_objects,e04173a631684c58af4d7151f8660844,Static ObjectThor payload,An open metal food container with a spoon.,Visual payload only; SceneSmith CoACD/SDF conversion required,Resize/material check; convert to GLTF/SDF,C — collision mesh requires generation/repair,High
QUALITY-CONTROL LAB,Test tube rack,"test tube rack, test tube racks",SceneSmith/Trimesh procedural,box/cylinder/plane composition,procedural,Static,Suitable for simple industrial form,Analytic or CoACD,Author dimensions/materials,F — assemble accurately from primitives,High
QUALITY-CONTROL LAB,Laboratory scale,"laboratory scale, laboratory scales",SceneSmith/Trimesh procedural,box/cylinder/plane composition,procedural,Static,Suitable for simple industrial form,Analytic or CoACD,Author dimensions/materials,F — assemble accurately from primitives,High
QUALITY-CONTROL LAB,Computer workstation,"computer workstation, computer workstations",ObjectThor,small_objects,d67398283fb8423293bd31b3fc636b15,Static ObjectThor payload,"A brown computer desk with a keyboard, mouse and monitor on the surface.",Visual payload only; SceneSmith CoACD/SDF conversion required,Resize/material check; convert to GLTF/SDF,C — collision mesh requires generation/repair,High
QUALITY-CONTROL LAB,Laboratory cabinet,"laboratory cabinet, laboratory cabinets",Artiverse,armoire,artiverse/armoire/3dfModel/ab16f4ce-dc13-4694-bb5b-288c850a12aa,Articulated SDF,Articulated armoire with functional doors or drawers,Publisher-bound collision (3–32 elems dataset-wide),Resize/material check,D — available only as articulated asset,High
QUALITY-CONTROL LAB,Glass-fronted cabinet,"glass fronted cabinet, glass fronted cabinets",Artiverse,armoire,artiverse/armoire/3dfModel/ab16f4ce-dc13-4694-bb5b-288c850a12aa,Articulated SDF,Articulated armoire with functional doors or drawers,Publisher-bound collision (3–32 elems dataset-wide),Resize/material check,D — available only as articulated asset,High
QUALITY-CONTROL LAB,Laboratory sink,"laboratory sink, laboratory sinks",ObjectThor,small_objects,7f1d0ea46bf74cf7bfd751ba3d75673a,Static ObjectThor payload,A stainless steel sink among dark cabinets and a tan countertop with towels hanging nearby.,Visual payload only; SceneSmith CoACD/SDF conversion required,Resize/material check; convert to GLTF/SDF,C — collision mesh requires generation/repair,High
QUALITY-CONTROL LAB,Task light,"task light, task lights",ObjectThor,small_objects,f1c2f64d15c3419d80a714d3525847a5,Static ObjectThor payload,A light mustard yellow desk lamp with a folding arm.,Visual payload only; SceneSmith CoACD/SDF conversion required,Resize/material check; convert to GLTF/SDF,C — collision mesh requires generation/repair,High
MAINTENANCE ROOM,Workbench,"workbench, workbenchs",ObjectThor,large_objects,9903d3f3a9c94c478cca7eee8ba9e6ab,Static ObjectThor payload,A workbench with a blueprint and some toolsa.,Visual payload only; SceneSmith CoACD/SDF conversion required,Resize/material check; convert to GLTF/SDF,C — collision mesh requires generation/repair,High
MAINTENANCE ROOM,Heavy-duty workbench,"heavy duty workbench, heavy duty workbenchs",ObjectThor,large_objects,9903d3f3a9c94c478cca7eee8ba9e6ab,Static ObjectThor payload,A workbench with a blueprint and some toolsa.,Visual payload only; SceneSmith CoACD/SDF conversion required,Resize/material check; convert to GLTF/SDF,C — collision mesh requires generation/repair,High
MAINTENANCE ROOM,Tool cabinet,"tool cabinet, tool cabinets",ArtVIP,household_items,household_items/model_drawer_kit_10,Articulated SDF,A small red 5-drawer steel tool chest for workshop storage.,SDF collision present; verify selected link geometry,Resize/material check,D — available only as articulated asset,High
MAINTENANCE ROOM,Toolbox,"toolbox, toolboxs",ArtVIP,household_items,household_items/model_clamshell _tool_box_2,Articulated SDF,"A red, blow-moulded plastic clamshell tool box with a carry handle and two latches.",SDF collision present; verify selected link geometry,Resize/material check,D — available only as articulated asset,High
MAINTENANCE ROOM,Wall-mounted tools,"wall mounted tools, wall mounted tool",Existing parts + primitives,modular composition,multiple,Static assembly,Adequate when composed,Analytic/CoACD per component,Assemble and validate dimensions,G — combine existing assets/primitives,Medium
MAINTENANCE ROOM,Tool rack,"tool rack, tool racks",SceneSmith/Trimesh procedural,box/cylinder/plane composition,procedural,Static,Suitable for simple industrial form,Analytic or CoACD,Author dimensions/materials,F — assemble accurately from primitives,High
MAINTENANCE ROOM,Vice,"vice, vices",Existing parts + primitives,modular composition,multiple,Static assembly,Adequate when composed,Analytic/CoACD per component,Assemble and validate dimensions,G — combine existing assets/primitives,Medium
MAINTENANCE ROOM,Spare machine parts,"spare machine parts, spare machine part",Existing parts + primitives,modular composition,multiple,Static assembly,Adequate when composed,Analytic/CoACD per component,Assemble and validate dimensions,G — combine existing assets/primitives,Medium
MAINTENANCE ROOM,Air compressor,"air compressor, air compressors",ObjectThor,large_objects,2f45d519fc934e1bab5c9234fa33e6bf,Static ObjectThor payload,This is an air compressor to assist other tools.,Visual payload only; SceneSmith CoACD/SDF conversion required,Resize/material check; convert to GLTF/SDF,C — collision mesh requires generation/repair,High
MAINTENANCE ROOM,Utility cart,"utility cart, utility carts, trolley, service cart",SceneSmith/Trimesh procedural,box/cylinder/plane composition,procedural,Static,Suitable for simple industrial form,Analytic or CoACD,Author dimensions/materials,F — assemble accurately from primitives,High
MAINTENANCE ROOM,Metal storage shelf,"metal storage shelf, metal storage shelfs",ObjectThor,large_objects,f090d4b341d749af8d74ac317e9d4b66,Static ObjectThor payload,A black metal shelf with five levels on it.,Visual payload only; SceneSmith CoACD/SDF conversion required,Resize/material check; convert to GLTF/SDF,C — collision mesh requires generation/repair,High
MAINTENANCE ROOM,Maintenance computer,"maintenance computer, maintenance computers",ObjectThor,small_objects,55159e2d2e2a4df7bb8bf5d82a41ec74,Static ObjectThor payload,A brown wooden office desk with a name plate on it and a pencil.,Visual payload only; SceneSmith CoACD/SDF conversion required,Resize/material check; convert to GLTF/SDF,C — collision mesh requires generation/repair,High
OFFICE AND MEETING AREA,Office desk,"office desk, office desks",ObjectThor,small_objects,55159e2d2e2a4df7bb8bf5d82a41ec74,Static ObjectThor payload,A brown wooden office desk with a name plate on it and a pencil.,Visual payload only; SceneSmith CoACD/SDF conversion required,Resize/material check; convert to GLTF/SDF,C — collision mesh requires generation/repair,High
OFFICE AND MEETING AREA,Office chair,"office chair, office chairs",ArtVIP,small_furniture,small_furniture/model_office_chair_3,Articulated SDF,"A modern black ergonomic office chair with mesh back, adjustable arms and a five-star wheeled base.",SDF collision present; verify selected link geometry,Resize/material check,D — available only as articulated asset,High
OFFICE AND MEETING AREA,Computer,"computer, computers",ObjectThor,small_objects,b6d8a40632814a91bc9ce62bf8a5e100,Static ObjectThor payload,A white desktop computer monitor.,Visual payload only; SceneSmith CoACD/SDF conversion required,Resize/material check; convert to GLTF/SDF,C — collision mesh requires generation/repair,High
OFFICE AND MEETING AREA,Monitor,"monitor, monitors",ObjectThor,wall_objects,ffabd7274fb344f2b04fed8eeafac8c1,Static ObjectThor payload,Flat screen computer monitor with landscape home screen.,Visual payload only; SceneSmith CoACD/SDF conversion required,Resize/material check; convert to GLTF/SDF,C — collision mesh requires generation/repair,High
OFFICE AND MEETING AREA,Printer,"printer, printers",ObjectThor,small_objects,be0a8f15f9624d11bd424ced2a60d714,Static ObjectThor payload,A grey computer printer with paper in it.,Visual payload only; SceneSmith CoACD/SDF conversion required,Resize/material check; convert to GLTF/SDF,C — collision mesh requires generation/repair,High
OFFICE AND MEETING AREA,Filing cabinet,"filing cabinet, filing cabinets",ArtVIP,small_furniture,small_furniture/model_chest_of_drawers_3,Articulated SDF,A small three-drawer office filing pedestal on casters with grey steel sides and wood-veneer drawer fronts.,SDF collision present; verify selected link geometry,Resize/material check,D — available only as articulated asset,High
OFFICE AND MEETING AREA,Storage cabinet,"storage cabinet, storage cabinets",Artiverse,armoire,artiverse/armoire/3dfModel/ab16f4ce-dc13-4694-bb5b-288c850a12aa,Articulated SDF,Articulated armoire with functional doors or drawers,Publisher-bound collision (3–32 elems dataset-wide),Resize/material check,D — available only as articulated asset,High
OFFICE AND MEETING AREA,Meeting table,"meeting table, meeting tables",ArtVIP,small_furniture,small_furniture/model_table_6,Articulated SDF,"A rectangular sit-stand office desk with a light gray top, two telescoping metal legs, wide foot plates, and a small push-button control pad under the front edge.",SDF collision present; verify selected link geometry,Resize/material check,D — available only as articulated asset,High
OFFICE AND MEETING AREA,Meeting chair,"meeting chair, meeting chairs",ArtVIP,small_furniture,small_furniture/model_office_chair_3,Articulated SDF,"A modern black ergonomic office chair with mesh back, adjustable arms and a five-star wheeled base.",SDF collision present; verify selected link geometry,Resize/material check,D — available only as articulated asset,High
OFFICE AND MEETING AREA,Bookshelf,"bookshelf, bookshelfs",Artiverse,bookcase,artiverse/bookcase/3dfModel/4c57d811-0177-4d2b-9a18-369efb8ae234,Articulated SDF,Articulated bookcase with functional doors or drawers,Publisher-bound collision (3–32 elems dataset-wide),Resize/material check,D — available only as articulated asset,High
OFFICE AND MEETING AREA,Notice board,"notice board, notice boards, bulletin board",ObjectThor,wall_objects,a1730cbc16c54c2580ef398e67f2857f,Static ObjectThor payload,A bulletin board with lots of photos and pictures on it.,Visual payload only; SceneSmith CoACD/SDF conversion required,Resize/material check; convert to GLTF/SDF,C — collision mesh requires generation/repair,High
OFFICE AND MEETING AREA,Wall clock,"wall clock, wall clocks",ObjectThor,wall_objects,f0b7ce9f3d154a6ab43b1622f8de21d2,Static ObjectThor payload,A blue wall clock.,Visual payload only; SceneSmith CoACD/SDF conversion required,Resize/material check; convert to GLTF/SDF,C — collision mesh requires generation/repair,High
OFFICE AND MEETING AREA,Indoor plant,"indoor plant, indoor plants",ObjectThor,small_objects,f7efd5f33a5b47f98e11205dd13dbf52,Static ObjectThor payload,A potted plant with big yellow leaves.,Visual payload only; SceneSmith CoACD/SDF conversion required,Resize/material check; convert to GLTF/SDF,C — collision mesh requires generation/repair,High
STAFF CHANGING ROOM,Locker,"locker, lockers",ArtVIP,small_furniture,small_furniture/model_double_door_2,Articulated SDF,A tall floor-standing steel storage cabinet with two pairs of hinged doors and internal shelves.,SDF collision present; verify selected link geometry,Resize/material check,D — available only as articulated asset,High
STAFF CHANGING ROOM,Industrial locker,"industrial locker, industrial lockers",ArtVIP,small_furniture,small_furniture/model_double_door_2,Articulated SDF,A tall floor-standing steel storage cabinet with two pairs of hinged doors and internal shelves.,SDF collision present; verify selected link geometry,Resize/material check,D — available only as articulated asset,High
STAFF CHANGING ROOM,Changing-room bench,"changing room bench, changing room benchs",SceneSmith/Trimesh procedural,box/cylinder/plane composition,procedural,Static,Suitable for simple industrial form,Analytic or CoACD,Author dimensions/materials,F — assemble accurately from primitives,High
STAFF CHANGING ROOM,Coat hook,"coat hook, coat hooks",SceneSmith/Trimesh procedural,box/cylinder/plane composition,procedural,Static,Suitable for simple industrial form,Analytic or CoACD,Author dimensions/materials,F — assemble accurately from primitives,High
STAFF CHANGING ROOM,Shoe rack,"shoe rack, shoe racks",ArtVIP,small_furniture,small_furniture/model_shoe_cabinet_1,Articulated SDF,"A medium-height wooden shoe cabinet with two slatted front doors, interior shelves and four tapered legs.",SDF collision present; verify selected link geometry,Resize/material check,D — available only as articulated asset,High
STAFF CHANGING ROOM,PPE cabinet,"ppe cabinet, ppe cabinets",Artiverse,armoire,artiverse/armoire/3dfModel/ab16f4ce-dc13-4694-bb5b-288c850a12aa,Articulated SDF,Articulated armoire with functional doors or drawers,Publisher-bound collision (3–32 elems dataset-wide),Resize/material check,D — available only as articulated asset,High
STAFF CHANGING ROOM,Helmet,"helmet, helmets",None,-,-,-,Not audited as essential,N/A,Omit from minimum build,I — unnecessary for minimum factory,High
STAFF CHANGING ROOM,Safety vest,"safety vest, safety vests",None,-,-,-,Not audited as essential,N/A,Omit from minimum build,I — unnecessary for minimum factory,High
STAFF CHANGING ROOM,Protective clothing,"protective clothing, protective clothings",None,-,-,-,Not audited as essential,N/A,Omit from minimum build,I — unnecessary for minimum factory,High
STAFF BREAK ROOM,Dining table,"dining table, dining tables",ArtVIP,small_furniture,small_furniture/model_table_6,Articulated SDF,"A rectangular sit-stand office desk with a light gray top, two telescoping metal legs, wide foot plates, and a small push-button control pad under the front edge.",SDF collision present; verify selected link geometry,Resize/material check,D — available only as articulated asset,High
STAFF BREAK ROOM,Round table,"round table, round tables",ArtVIP,small_furniture,small_furniture/model_table_6,Articulated SDF,"A rectangular sit-stand office desk with a light gray top, two telescoping metal legs, wide foot plates, and a small push-button control pad under the front edge.",SDF collision present; verify selected link geometry,Resize/material check,D — available only as articulated asset,High
STAFF BREAK ROOM,Dining chair,"dining chair, dining chairs",ObjectThor,large_objects,f0cbf330123c472a9550d2ac30cc9ca8,Static ObjectThor payload,A red wood dining chair.,Visual payload only; SceneSmith CoACD/SDF conversion required,Resize/material check; convert to GLTF/SDF,C — collision mesh requires generation/repair,High
STAFF BREAK ROOM,Refrigerator,"refrigerator, refrigerators",ArtVIP,major_appliances,major_appliances/model_refrigerator_6,Articulated SDF,"A full-size, stainless-steel side-by-side refrigerator with two tall doors, a front ice-and-water dispenser, interior drawers, and wire shelves.",SDF collision present; verify selected link geometry,Resize/material check,D — available only as articulated asset,High
STAFF BREAK ROOM,Microwave,"microwave, microwaves",ArtVIP,small_appliances,small_appliances/model_microwave_3,Articulated SDF,"A medium-size black and silver countertop microwave oven with a front glass door, control panel, and internal glass turntable.",SDF collision present; verify selected link geometry,Resize/material check,D — available only as articulated asset,High
STAFF BREAK ROOM,Kitchen counter,"kitchen counter, kitchen counters",ArtVIP,large_furniture,large_furniture/model_cupboard_1,Articulated SDF,"A large L-shaped kitchen base unit with countertop, sink, faucet, oven and a matching row of overhead wall cabinets with many doors and panels.",SDF collision present; verify selected link geometry,Resize/material check,D — available only as articulated asset,High
STAFF BREAK ROOM,Kitchen cabinet,"kitchen cabinet, kitchen cabinets",ArtVIP,large_furniture,large_furniture/model_cupboard_1,Articulated SDF,"A large L-shaped kitchen base unit with countertop, sink, faucet, oven and a matching row of overhead wall cabinets with many doors and panels.",SDF collision present; verify selected link geometry,Resize/material check,D — available only as articulated asset,High
STAFF BREAK ROOM,Sink,"sink, sinks",ObjectThor,small_objects,7f1d0ea46bf74cf7bfd751ba3d75673a,Static ObjectThor payload,A stainless steel sink among dark cabinets and a tan countertop with towels hanging nearby.,Visual payload only; SceneSmith CoACD/SDF conversion required,Resize/material check; convert to GLTF/SDF,C — collision mesh requires generation/repair,High
STAFF BREAK ROOM,Water dispenser,"water dispenser, water dispensers",ArtVIP,major_appliances,major_appliances/model_water_dispenser_5,Articulated SDF,A floor-standing plastic water-cooler with a large 19 L blue water bottle and two hot/cold taps on the front.,SDF collision present; verify selected link geometry,Resize/material check,D — available only as articulated asset,High
STAFF BREAK ROOM,Waste bin,"waste bin, waste bins, trash bin, garbage can",ArtVIP,household_items,household_items/model_stepping_dustbin_9,Articulated SDF,A small rectangular stainless-steel step trash bin with a hinged lid and front foot pedal.,SDF collision present; verify selected link geometry,Resize/material check,D — available only as articulated asset,High
STAFF BREAK ROOM,Notice board,"notice board, notice boards, bulletin board",ObjectThor,wall_objects,a1730cbc16c54c2580ef398e67f2857f,Static ObjectThor payload,A bulletin board with lots of photos and pictures on it.,Visual payload only; SceneSmith CoACD/SDF conversion required,Resize/material check; convert to GLTF/SDF,C — collision mesh requires generation/repair,High
STAFF BREAK ROOM,Indoor plant,"indoor plant, indoor plants",ObjectThor,small_objects,f7efd5f33a5b47f98e11205dd13dbf52,Static ObjectThor payload,A potted plant with big yellow leaves.,Visual payload only; SceneSmith CoACD/SDF conversion required,Resize/material check; convert to GLTF/SDF,C — collision mesh requires generation/repair,High
TOILETS,Toilet,"toilet, toilets",ArtVIP,major_appliances,major_appliances/model_closestool_4,Articulated SDF,"A floor-mounted household toilet with a cistern, plastic seat, lid and a small flush button.",SDF collision present; verify selected link geometry,Resize/material check,D — available only as articulated asset,High
TOILETS,Urinal,"urinal, urinals",SceneSmith/Trimesh procedural,box/cylinder/plane composition,procedural,Static,Suitable for simple industrial form,Analytic or CoACD,Author dimensions/materials,F — assemble accurately from primitives,High
TOILETS,Sink,"sink, sinks",ObjectThor,small_objects,7f1d0ea46bf74cf7bfd751ba3d75673a,Static ObjectThor payload,A stainless steel sink among dark cabinets and a tan countertop with towels hanging nearby.,Visual payload only; SceneSmith CoACD/SDF conversion required,Resize/material check; convert to GLTF/SDF,C — collision mesh requires generation/repair,High
TOILETS,Mirror,"mirror, mirrors",SceneSmith/Trimesh procedural,box/cylinder/plane composition,procedural,Static,Suitable for simple industrial form,Analytic or CoACD,Author dimensions/materials,F — assemble accurately from primitives,High
TOILETS,Toilet cubicle,"toilet cubicle, toilet cubicles",SceneSmith/Trimesh procedural,box/cylinder/plane composition,procedural,Static,Suitable for simple industrial form,Analytic or CoACD,Author dimensions/materials,F — assemble accurately from primitives,High
TOILETS,Privacy partition,"privacy partition, privacy partitions",SceneSmith/Trimesh procedural,box/cylinder/plane composition,procedural,Static,Suitable for simple industrial form,Analytic or CoACD,Author dimensions/materials,F — assemble accurately from primitives,High
TOILETS,Soap dispenser,"soap dispenser, soap dispensers",ObjectThor,wall_objects,c80cffde43b44abc866aec6bb8186fda,Static ObjectThor payload,A hand soap dispenser for a wall.,Visual payload only; SceneSmith CoACD/SDF conversion required,Resize/material check; convert to GLTF/SDF,C — collision mesh requires generation/repair,High
TOILETS,Hand dryer,"hand dryer, hand dryers",ObjectThor,wall_objects,f5573521c38d4a43a94149260e1be5f9,Static ObjectThor payload,A hand dryer for a bathroom.,Visual payload only; SceneSmith CoACD/SDF conversion required,Resize/material check; convert to GLTF/SDF,C — collision mesh requires generation/repair,High
TOILETS,Paper-towel dispenser,"paper towel dispenser, paper towel dispensers",SceneSmith/Trimesh procedural,box/cylinder/plane composition,procedural,Static,Suitable for simple industrial form,Analytic or CoACD,Author dimensions/materials,F — assemble accurately from primitives,High
TOILETS,Waste bin,"waste bin, waste bins, trash bin, garbage can",ArtVIP,household_items,household_items/model_stepping_dustbin_9,Articulated SDF,A small rectangular stainless-steel step trash bin with a hinged lid and front foot pedal.,SDF collision present; verify selected link geometry,Resize/material check,D — available only as articulated asset,High
SAFETY EQUIPMENT,Fire extinguisher,"fire extinguisher, fire extinguishers",ObjectThor,wall_objects,3b38813c391d4d3f948076123eb97eca,Static ObjectThor payload,Red metal fire extinguisher inside of a red case with a glass window placed on a wood plank.,Visual payload only; SceneSmith CoACD/SDF conversion required,Resize/material check; convert to GLTF/SDF,C — collision mesh requires generation/repair,High
SAFETY EQUIPMENT,First-aid cabinet,"first aid cabinet, first aid cabinets",Existing parts + primitives,modular composition,multiple,Static assembly,Adequate when composed,Analytic/CoACD per component,Assemble and validate dimensions,G — combine existing assets/primitives,Medium
SAFETY EQUIPMENT,Emergency-stop button,"emergency stop button, emergency stop buttons",Existing parts + primitives,modular composition,multiple,Static assembly,Adequate when composed,Analytic/CoACD per component,Assemble and validate dimensions,G — combine existing assets/primitives,Medium
SAFETY EQUIPMENT,Safety railing,"safety railing, safety railings, guard rail, handrail",SceneSmith/Trimesh procedural,box/cylinder/plane composition,procedural,Static,Suitable for simple industrial form,Analytic or CoACD,Author dimensions/materials,F — assemble accurately from primitives,High
SAFETY EQUIPMENT,Safety barrier,"safety barrier, safety barriers",SceneSmith/Trimesh procedural,box/cylinder/plane composition,procedural,Static,Suitable for simple industrial form,Analytic or CoACD,Author dimensions/materials,F — assemble accurately from primitives,High
SAFETY EQUIPMENT,Bollard,"bollard, bollards",SceneSmith/Trimesh procedural,box/cylinder/plane composition,procedural,Static,Suitable for simple industrial form,Analytic or CoACD,Author dimensions/materials,F — assemble accurately from primitives,High
SAFETY EQUIPMENT,Warning sign,"warning sign, warning signs",SceneSmith/Trimesh procedural,box/cylinder/plane composition,procedural,Static,Suitable for simple industrial form,Analytic or CoACD,Author dimensions/materials,F — assemble accurately from primitives,High
SAFETY EQUIPMENT,Hygiene sign,"hygiene sign, hygiene signs",SceneSmith/Trimesh procedural,box/cylinder/plane composition,procedural,Static,Suitable for simple industrial form,Analytic or CoACD,Author dimensions/materials,F — assemble accurately from primitives,High
SAFETY EQUIPMENT,Exit sign,"exit sign, exit signs",SceneSmith/Trimesh procedural,box/cylinder/plane composition,procedural,Static,Suitable for simple industrial form,Analytic or CoACD,Author dimensions/materials,F — assemble accurately from primitives,High
SAFETY EQUIPMENT,Floor marking,"floor marking, floor markings",SceneSmith/Trimesh procedural,box/cylinder/plane composition,procedural,Static,Suitable for simple industrial form,Analytic or CoACD,Author dimensions/materials,F — assemble accurately from primitives,High
SAFETY EQUIPMENT,Non-slip mat,"non slip mat, non slip mats",SceneSmith/Trimesh procedural,box/cylinder/plane composition,procedural,Static,Suitable for simple industrial form,Analytic or CoACD,Author dimensions/materials,F — assemble accurately from primitives,High
SAFETY EQUIPMENT,PPE storage,"ppe storage, ppe storages",Artiverse,armoire,artiverse/armoire/3dfModel/ab16f4ce-dc13-4694-bb5b-288c850a12aa,Articulated SDF,Articulated armoire with functional doors or drawers,Publisher-bound collision (3–32 elems dataset-wide),Resize/material check,D — available only as articulated asset,High
EXTERIOR OBJECTS,Box truck,"box truck, box trucks",No credible indexed match,-,-,Generate once; reuse static result,Distinctive factory equipment required,Generate CoACD after mesh,Scale/material validation + SDF conversion,H — generate with SAM 3D (shared model where aliases overlap),High
EXTERIOR OBJECTS,Delivery truck,"delivery truck, delivery trucks",No credible indexed match,-,-,Generate once; reuse static result,Distinctive factory equipment required,Generate CoACD after mesh,Scale/material validation + SDF conversion,H — generate with SAM 3D (shared model where aliases overlap),High
EXTERIOR OBJECTS,Loading ramp,"loading ramp, loading ramps",SceneSmith/Trimesh procedural,box/cylinder/plane composition,procedural,Static,Suitable for simple industrial form,Analytic or CoACD,Author dimensions/materials,F — assemble accurately from primitives,High
EXTERIOR OBJECTS,Dock canopy,"dock canopy, dock canopys",SceneSmith/Trimesh procedural,box/cylinder/plane composition,procedural,Static,Suitable for simple industrial form,Analytic or CoACD,Author dimensions/materials,F — assemble accurately from primitives,High
EXTERIOR OBJECTS,Exterior light,"exterior light, exterior lights",ObjectThor,wall_objects,a1585e9d534d42d78d12d56e71aa15ed,Static ObjectThor payload,A wall light with a wood base.,Visual payload only; SceneSmith CoACD/SDF conversion required,Resize/material check; convert to GLTF/SDF,C — collision mesh requires generation/repair,High
EXTERIOR OBJECTS,Concrete planter,"concrete planter, concrete planters",SceneSmith/Trimesh procedural,box/cylinder/plane composition,procedural,Static,Suitable for simple industrial form,Analytic or CoACD,Author dimensions/materials,F — assemble accurately from primitives,High
EXTERIOR OBJECTS,Shrub,"shrub, shrubs",None,-,-,-,Not audited as essential,N/A,Omit from minimum build,I — unnecessary for minimum factory,High
EXTERIOR OBJECTS,Flower bed,"flower bed, flower beds",SceneSmith/Trimesh procedural,box/cylinder/plane composition,procedural,Static,Suitable for simple industrial form,Analytic or CoACD,Author dimensions/materials,F — assemble accurately from primitives,High
EXTERIOR OBJECTS,Small tree,"small tree, small trees",None,-,-,-,Not audited as essential,N/A,Omit from minimum build,I — unnecessary for minimum factory,High
EXTERIOR OBJECTS,Grass,"grass, gras",None,-,-,-,Not audited as essential,N/A,Omit from minimum build,I — unnecessary for minimum factory,High
EXTERIOR OBJECTS,Bench,"bench, benchs",SceneSmith/Trimesh procedural,box/cylinder/plane composition,procedural,Static,Suitable for simple industrial form,Analytic or CoACD,Author dimensions/materials,F — assemble accurately from primitives,High
EXTERIOR OBJECTS,Wheel stop,"wheel stop, wheel stops",SceneSmith/Trimesh procedural,box/cylinder/plane composition,procedural,Static,Suitable for simple industrial form,Analytic or CoACD,Author dimensions/materials,F — assemble accurately from primitives,High
